Model,MRR,Hits@1,Hits@10,Hits@100
TransE,0.017643796280026436,0.0026035407452372223,0.038412752437310634,0.0
