{
  "TransE": {
    "model": "TransE",
    "config": {
      "embedding_dim": 200,
      "batch_size": 512,
      "learning_rate": 0.001,
      "epochs": 100
    },
    "training": {
      "final_loss": 0.0485331686330725,
      "loss_history": [
        0.13163573256584105,
        0.08129407802760275,
        0.07483567374176578,
        0.07003026702134552,
        0.06708811678330669,
        0.0647418737563931,
        0.06261525830856252,
        0.0605373772028499,
        0.05932756063217918,
        0.05843653442345545,
        0.05730611663516202,
        0.056322956206407135,
        0.055695905914519006,
        0.05486423463659164,
        0.05420886376694202,
        0.05380249279504735,
        0.05324769040974909,
        0.052546822295492575,
        0.05224421374042502,
        0.052074992162976674,
        0.051920508936664715,
        0.05118837826336899,
        0.051113712596902235,
        0.050834538281789264,
        0.05058518772658533,
        0.050677615200948274,
        0.0506627921249249,
        0.050265590753220395,
        0.050200788859843075,
        0.05032773188049505,
        0.049941942349686,
        0.05002878259573719,
        0.04991475026626995,
        0.04985206689771094,
        0.04967150415708413,
        0.04942204856207806,
        0.049475897882438585,
        0.049624988953852485,
        0.049381251993985055,
        0.04956973363717873,
        0.04941758695495373,
        0.049507557462990105,
        0.049417267062565585,
        0.04946263885672043,
        0.0493530485805072,
        0.049191577317464555,
        0.04945838401845085,
        0.0490738427409616,
        0.04935229383204541,
        0.04927375671284612,
        0.04897342726491585,
        0.049003134413200346,
        0.049025069137834415,
        0.04903061912119009,
        0.04891954561530012,
        0.04897662768058642,
        0.04900947522888789,
        0.04880824197314219,
        0.04910798190113254,
        0.04899550884322611,
        0.048699721170193375,
        0.04877999367642248,
        0.048819378020424034,
        0.0488343360034485,
        0.048805715933724673,
        0.04884303998287596,
        0.048779483566510524,
        0.04880882104293642,
        0.048944382482355164,
        0.04889381199855796,
        0.048741712414672574,
        0.04868703131933888,
        0.04864171014340249,
        0.048553959611327406,
        0.04861256706615735,
        0.04862726044798355,
        0.04879753025055318,
        0.048665283550461846,
        0.048375673187959815,
        0.04861830021115299,
        0.048417734430020974,
        0.04880117490411757,
        0.04847268011112383,
        0.048602261016528286,
        0.04844065644980934,
        0.04872494053612361,
        0.048793261552679386,
        0.048442872514587614,
        0.04876030061018473,
        0.048639923504213554,
        0.04849646171989912,
        0.04863615198759827,
        0.04841157560963592,
        0.04859792716139388,
        0.04864475104545137,
        0.04844633421717498,
        0.04856901198231472,
        0.04854471615502637,
        0.04858409745670751,
        0.0485331686330725
      ]
    },
    "evaluation": {
      "mrr": 0.017643796280026436,
      "hits_at_1": 0.0026035407452372223,
      "hits_at_10": 0.038412752437310634,
      "hits_at_100": 0.0
    }
  }
}